Tanggal,Tweets,ID,Screen Name,Banyak Retweet,Source,Retweet Status,Hashtags
2021-05-19 09:45:04,b'RT @1Obefiend: \xe2\x80\x9cKalau betul orang Israel benci serangan Gaza kenapa mereka tak demo bantah?\xe2\x80\x9d\n\nBro kita dekat Malaysia benci pembalakan dan\xe2\x80\xa6',1394952234903900160,whoisizzvh,129,Twitter for iPhone,1,[]
2021-05-19 07:45:29,b'RT @1Obefiend: \xe2\x80\x9cKalau betul orang Israel benci serangan Gaza kenapa mereka tak demo bantah?\xe2\x80\x9d\n\nBro kita dekat Malaysia benci pembalakan dan\xe2\x80\xa6',1394922139497553922,ren_kaos,129,Twitter for Android,1,[]
2021-05-19 07:29:21,b'RT @1Obefiend: \xe2\x80\x9cKalau betul orang Israel benci serangan Gaza kenapa mereka tak demo bantah?\xe2\x80\x9d\n\nBro kita dekat Malaysia benci pembalakan dan\xe2\x80\xa6',1394918079050649607,lailahibiscus,129,Twitter for Android,1,[]
2021-05-19 06:48:13,b'RT @1Obefiend: \xe2\x80\x9cKalau betul orang Israel benci serangan Gaza kenapa mereka tak demo bantah?\xe2\x80\x9d\n\nBro kita dekat Malaysia benci pembalakan dan\xe2\x80\xa6',1394907729819365377,MZhafranAslam,129,Twitter for Android,1,[]
2021-05-19 06:14:14,b'RT @1Obefiend: \xe2\x80\x9cKalau betul orang Israel benci serangan Gaza kenapa mereka tak demo bantah?\xe2\x80\x9d\n\nBro kita dekat Malaysia benci pembalakan dan\xe2\x80\xa6',1394899176131940355,bachok_ahmad,129,Twitter for Android,1,[]
2021-05-19 05:43:32,b'RT @1Obefiend: \xe2\x80\x9cKalau betul orang Israel benci serangan Gaza kenapa mereka tak demo bantah?\xe2\x80\x9d\n\nBro kita dekat Malaysia benci pembalakan dan\xe2\x80\xa6',1394891450731569153,mfaizmohamadx,129,Twitter for iPhone,1,[]
2021-05-19 05:33:44,b'RT @1Obefiend: \xe2\x80\x9cKalau betul orang Israel benci serangan Gaza kenapa mereka tak demo bantah?\xe2\x80\x9d\n\nBro kita dekat Malaysia benci pembalakan dan\xe2\x80\xa6',1394888986309525506,ndybry,129,Twitter for Android,1,[]
2021-05-19 05:25:48,b'RT @1Obefiend: \xe2\x80\x9cKalau betul orang Israel benci serangan Gaza kenapa mereka tak demo bantah?\xe2\x80\x9d\n\nBro kita dekat Malaysia benci pembalakan dan\xe2\x80\xa6',1394886990248611842,dogufaito,129,Twitter for Android,1,[]
2021-05-19 05:13:37,b'RT @1Obefiend: \xe2\x80\x9cKalau betul orang Israel benci serangan Gaza kenapa mereka tak demo bantah?\xe2\x80\x9d\n\nBro kita dekat Malaysia benci pembalakan dan\xe2\x80\xa6',1394883923520364547,Mark_Markgraf,129,Twitter Web App,1,[]
2021-05-19 05:08:24,b'RT @1Obefiend: \xe2\x80\x9cKalau betul orang Israel benci serangan Gaza kenapa mereka tak demo bantah?\xe2\x80\x9d\n\nBro kita dekat Malaysia benci pembalakan dan\xe2\x80\xa6',1394882609377792000,ohhhlaraaaa,129,Twitter for Android,1,[]
2021-05-19 05:00:03,b'RT @1Obefiend: \xe2\x80\x9cKalau betul orang Israel benci serangan Gaza kenapa mereka tak demo bantah?\xe2\x80\x9d\n\nBro kita dekat Malaysia benci pembalakan dan\xe2\x80\xa6',1394880506580279300,asyrafadek,129,Twitter for iPhone,1,[]
2021-05-19 04:59:02,b'RT @1Obefiend: \xe2\x80\x9cKalau betul orang Israel benci serangan Gaza kenapa mereka tak demo bantah?\xe2\x80\x9d\n\nBro kita dekat Malaysia benci pembalakan dan\xe2\x80\xa6',1394880252908736513,rfnzwa,129,Twitter for Android,1,[]
2021-05-19 04:58:40,b'RT @1Obefiend: \xe2\x80\x9cKalau betul orang Israel benci serangan Gaza kenapa mereka tak demo bantah?\xe2\x80\x9d\n\nBro kita dekat Malaysia benci pembalakan dan\xe2\x80\xa6',1394880159178629121,taufekJr,129,Twitter for Android,1,[]
2021-05-19 04:56:43,b'RT @1Obefiend: \xe2\x80\x9cKalau betul orang Israel benci serangan Gaza kenapa mereka tak demo bantah?\xe2\x80\x9d\n\nBro kita dekat Malaysia benci pembalakan dan\xe2\x80\xa6',1394879670051500036,feistypeanutt,129,Twitter for iPhone,1,[]
2021-05-19 04:52:38,b'RT @1Obefiend: \xe2\x80\x9cKalau betul orang Israel benci serangan Gaza kenapa mereka tak demo bantah?\xe2\x80\x9d\n\nBro kita dekat Malaysia benci pembalakan dan\xe2\x80\xa6',1394878642237296640,ch33s3facts,129,Twitter for Android,1,[]
2021-05-19 04:47:42,b'RT @1Obefiend: \xe2\x80\x9cKalau betul orang Israel benci serangan Gaza kenapa mereka tak demo bantah?\xe2\x80\x9d\n\nBro kita dekat Malaysia benci pembalakan dan\xe2\x80\xa6',1394877399838248960,Sylarius,129,Twitter for Android,1,[]
2021-05-19 04:39:47,b'RT @1Obefiend: \xe2\x80\x9cKalau betul orang Israel benci serangan Gaza kenapa mereka tak demo bantah?\xe2\x80\x9d\n\nBro kita dekat Malaysia benci pembalakan dan\xe2\x80\xa6',1394875409418711042,zaty_32,129,Twitter for Android,1,[]
2021-05-19 04:37:56,b'RT @1Obefiend: \xe2\x80\x9cKalau betul orang Israel benci serangan Gaza kenapa mereka tak demo bantah?\xe2\x80\x9d\n\nBro kita dekat Malaysia benci pembalakan dan\xe2\x80\xa6',1394874943817482243,mijetspie,129,Twitter for iPhone,1,[]
2021-05-19 04:35:40,b'RT @1Obefiend: \xe2\x80\x9cKalau betul orang Israel benci serangan Gaza kenapa mereka tak demo bantah?\xe2\x80\x9d\n\nBro kita dekat Malaysia benci pembalakan dan\xe2\x80\xa6',1394874373698318339,firrdausyahaya,129,Twitter for Android,1,[]
2021-05-19 04:18:39,b'RT @1Obefiend: \xe2\x80\x9cKalau betul orang Israel benci serangan Gaza kenapa mereka tak demo bantah?\xe2\x80\x9d\n\nBro kita dekat Malaysia benci pembalakan dan\xe2\x80\xa6',1394870089845862404,marioskyjuice,129,Twitter for iPhone,1,[]
2021-05-19 04:17:39,b'RT @1Obefiend: \xe2\x80\x9cKalau betul orang Israel benci serangan Gaza kenapa mereka tak demo bantah?\xe2\x80\x9d\n\nBro kita dekat Malaysia benci pembalakan dan\xe2\x80\xa6',1394869837046767621,CheemunNg,129,Twitter for Android,1,[]
2021-05-19 04:17:05,b'RT @1Obefiend: \xe2\x80\x9cKalau betul orang Israel benci serangan Gaza kenapa mereka tak demo bantah?\xe2\x80\x9d\n\nBro kita dekat Malaysia benci pembalakan dan\xe2\x80\xa6',1394869696717934597,Zalea_Aris,129,Twitter for Android,1,[]
2021-05-19 04:14:15,b'RT @1Obefiend: \xe2\x80\x9cKalau betul orang Israel benci serangan Gaza kenapa mereka tak demo bantah?\xe2\x80\x9d\n\nBro kita dekat Malaysia benci pembalakan dan\xe2\x80\xa6',1394868981140398080,mm2zmm,129,Twitter for Android,1,[]
2021-05-19 04:12:18,b'RT @1Obefiend: \xe2\x80\x9cKalau betul orang Israel benci serangan Gaza kenapa mereka tak demo bantah?\xe2\x80\x9d\n\nBro kita dekat Malaysia benci pembalakan dan\xe2\x80\xa6',1394868492839493637,aaarrriiifff_,129,Twitter for Android,1,[]
2021-05-19 04:11:34,b'RT @1Obefiend: \xe2\x80\x9cKalau betul orang Israel benci serangan Gaza kenapa mereka tak demo bantah?\xe2\x80\x9d\n\nBro kita dekat Malaysia benci pembalakan dan\xe2\x80\xa6',1394868307400876033,pendrxgxn,129,Twitter for Android,1,[]
2021-05-19 04:02:03,b'RT @1Obefiend: \xe2\x80\x9cKalau betul orang Israel benci serangan Gaza kenapa mereka tak demo bantah?\xe2\x80\x9d\n\nBro kita dekat Malaysia benci pembalakan dan\xe2\x80\xa6',1394865910918250509,PaieGenius,129,Twitter for iPhone,1,[]
2021-05-19 04:01:23,b'RT @1Obefiend: \xe2\x80\x9cKalau betul orang Israel benci serangan Gaza kenapa mereka tak demo bantah?\xe2\x80\x9d\n\nBro kita dekat Malaysia benci pembalakan dan\xe2\x80\xa6',1394865742634315786,HhPixels,129,Twitter for Android,1,[]
2021-05-19 04:01:12,b'RT @1Obefiend: \xe2\x80\x9cKalau betul orang Israel benci serangan Gaza kenapa mereka tak demo bantah?\xe2\x80\x9d\n\nBro kita dekat Malaysia benci pembalakan dan\xe2\x80\xa6',1394865699143651330,DaitoG7,129,Twitter for iPhone,1,[]
2021-05-19 04:00:54,b'RT @1Obefiend: \xe2\x80\x9cKalau betul orang Israel benci serangan Gaza kenapa mereka tak demo bantah?\xe2\x80\x9d\n\nBro kita dekat Malaysia benci pembalakan dan\xe2\x80\xa6',1394865621544759299,frhlyna,129,Twitter for iPhone,1,[]
2021-05-19 03:59:53,b'RT @1Obefiend: \xe2\x80\x9cKalau betul orang Israel benci serangan Gaza kenapa mereka tak demo bantah?\xe2\x80\x9d\n\nBro kita dekat Malaysia benci pembalakan dan\xe2\x80\xa6',1394865368800272385,JatPengaturcara,129,Twitter for Android,1,[]
2021-05-19 03:57:02,b'RT @1Obefiend: \xe2\x80\x9cKalau betul orang Israel benci serangan Gaza kenapa mereka tak demo bantah?\xe2\x80\x9d\n\nBro kita dekat Malaysia benci pembalakan dan\xe2\x80\xa6',1394864648617283584,offzone_,129,Twitter for iPhone,1,[]
2021-05-19 03:53:28,b'RT @1Obefiend: \xe2\x80\x9cKalau betul orang Israel benci serangan Gaza kenapa mereka tak demo bantah?\xe2\x80\x9d\n\nBro kita dekat Malaysia benci pembalakan dan\xe2\x80\xa6',1394863751338233858,ajikzaini,129,Twitter for Android,1,[]
2021-05-19 03:50:07,b'RT @1Obefiend: \xe2\x80\x9cKalau betul orang Israel benci serangan Gaza kenapa mereka tak demo bantah?\xe2\x80\x9d\n\nBro kita dekat Malaysia benci pembalakan dan\xe2\x80\xa6',1394862908228603906,aizamy1234,129,Twitter for Android,1,[]
2021-05-19 03:31:20,b'RT @1Obefiend: \xe2\x80\x9cKalau betul orang Israel benci serangan Gaza kenapa mereka tak demo bantah?\xe2\x80\x9d\n\nBro kita dekat Malaysia benci pembalakan dan\xe2\x80\xa6',1394858180169981956,rotipeeta,129,Twitter for Android,1,[]
2021-05-19 03:30:48,b'RT @1Obefiend: \xe2\x80\x9cKalau betul orang Israel benci serangan Gaza kenapa mereka tak demo bantah?\xe2\x80\x9d\n\nBro kita dekat Malaysia benci pembalakan dan\xe2\x80\xa6',1394858048506589184,sadkoyangie,129,Twitter for Android,1,[]
2021-05-19 03:12:28,b'RT @1Obefiend: \xe2\x80\x9cKalau betul orang Israel benci serangan Gaza kenapa mereka tak demo bantah?\xe2\x80\x9d\n\nBro kita dekat Malaysia benci pembalakan dan\xe2\x80\xa6',1394853432889065473,pidutDin,129,Twitter for Android,1,[]
2021-05-19 03:09:22,b'RT @1Obefiend: \xe2\x80\x9cKalau betul orang Israel benci serangan Gaza kenapa mereka tak demo bantah?\xe2\x80\x9d\n\nBro kita dekat Malaysia benci pembalakan dan\xe2\x80\xa6',1394852653805432834,Kevin_dawn1,129,Twitter for Android,1,[]
2021-05-19 03:07:25,b'RT @1Obefiend: \xe2\x80\x9cKalau betul orang Israel benci serangan Gaza kenapa mereka tak demo bantah?\xe2\x80\x9d\n\nBro kita dekat Malaysia benci pembalakan dan\xe2\x80\xa6',1394852165085061122,datopanglimaa,129,Twitter for Android,1,[]
2021-05-19 03:06:53,b'RT @1Obefiend: \xe2\x80\x9cKalau betul orang Israel benci serangan Gaza kenapa mereka tak demo bantah?\xe2\x80\x9d\n\nBro kita dekat Malaysia benci pembalakan dan\xe2\x80\xa6',1394852029265178626,ndamoeba,129,Twitter for Android,1,[]
2021-05-19 03:06:15,b'RT @1Obefiend: \xe2\x80\x9cKalau betul orang Israel benci serangan Gaza kenapa mereka tak demo bantah?\xe2\x80\x9d\n\nBro kita dekat Malaysia benci pembalakan dan\xe2\x80\xa6',1394851870548520960,azrakedavra,129,Twitter for Android,1,[]
2021-05-19 03:04:32,b'RT @1Obefiend: \xe2\x80\x9cKalau betul orang Israel benci serangan Gaza kenapa mereka tak demo bantah?\xe2\x80\x9d\n\nBro kita dekat Malaysia benci pembalakan dan\xe2\x80\xa6',1394851435968299008,kebin_ng,129,Twitter for iPhone,1,[]
2021-05-19 03:03:36,b'RT @1Obefiend: \xe2\x80\x9cKalau betul orang Israel benci serangan Gaza kenapa mereka tak demo bantah?\xe2\x80\x9d\n\nBro kita dekat Malaysia benci pembalakan dan\xe2\x80\xa6',1394851203154997248,KingHazimi,129,Twitter for Android,1,[]
2021-05-19 03:03:22,b'RT @1Obefiend: \xe2\x80\x9cKalau betul orang Israel benci serangan Gaza kenapa mereka tak demo bantah?\xe2\x80\x9d\n\nBro kita dekat Malaysia benci pembalakan dan\xe2\x80\xa6',1394851144745115650,atiraazman_,129,Twitter for iPhone,1,[]
2021-05-19 03:02:21,b'RT @1Obefiend: \xe2\x80\x9cKalau betul orang Israel benci serangan Gaza kenapa mereka tak demo bantah?\xe2\x80\x9d\n\nBro kita dekat Malaysia benci pembalakan dan\xe2\x80\xa6',1394850889924431872,faizfaults,129,Twitter Web App,1,[]
2021-05-19 03:02:00,b'RT @1Obefiend: \xe2\x80\x9cKalau betul orang Israel benci serangan Gaza kenapa mereka tak demo bantah?\xe2\x80\x9d\n\nBro kita dekat Malaysia benci pembalakan dan\xe2\x80\xa6',1394850799105187840,ComicsByVieN,129,Twitter Web App,1,[]
2021-05-19 02:59:23,b'RT @1Obefiend: \xe2\x80\x9cKalau betul orang Israel benci serangan Gaza kenapa mereka tak demo bantah?\xe2\x80\x9d\n\nBro kita dekat Malaysia benci pembalakan dan\xe2\x80\xa6',1394850140339462156,5h4r0n_J,129,Twitter Web App,1,[]
2021-05-19 02:59:04,b'RT @1Obefiend: \xe2\x80\x9cKalau betul orang Israel benci serangan Gaza kenapa mereka tak demo bantah?\xe2\x80\x9d\n\nBro kita dekat Malaysia benci pembalakan dan\xe2\x80\xa6',1394850061188751368,ismadfirdaus,129,Twitter for iPhone,1,[]
2021-05-19 02:54:41,b'RT @1Obefiend: \xe2\x80\x9cKalau betul orang Israel benci serangan Gaza kenapa mereka tak demo bantah?\xe2\x80\x9d\n\nBro kita dekat Malaysia benci pembalakan dan\xe2\x80\xa6',1394848960838356996,kulasfak,129,Twitter for Android,1,[]
2021-05-19 02:53:26,b'RT @1Obefiend: \xe2\x80\x9cKalau betul orang Israel benci serangan Gaza kenapa mereka tak demo bantah?\xe2\x80\x9d\n\nBro kita dekat Malaysia benci pembalakan dan\xe2\x80\xa6',1394848646030524416,DanishL8,129,Twitter for Android,1,[]
2021-05-19 02:53:16,b'RT @1Obefiend: \xe2\x80\x9cKalau betul orang Israel benci serangan Gaza kenapa mereka tak demo bantah?\xe2\x80\x9d\n\nBro kita dekat Malaysia benci pembalakan dan\xe2\x80\xa6',1394848603579904001,youngnaqib,129,Twitter for iPhone,1,[]
2021-05-19 02:51:07,b'RT @1Obefiend: \xe2\x80\x9cKalau betul orang Israel benci serangan Gaza kenapa mereka tak demo bantah?\xe2\x80\x9d\n\nBro kita dekat Malaysia benci pembalakan dan\xe2\x80\xa6',1394848062221262856,monsieurkemall,129,Twitter for Android,1,[]
2021-05-19 02:50:31,b'RT @1Obefiend: \xe2\x80\x9cKalau betul orang Israel benci serangan Gaza kenapa mereka tak demo bantah?\xe2\x80\x9d\n\nBro kita dekat Malaysia benci pembalakan dan\xe2\x80\xa6',1394847912014671876,adifitri33,129,Twitter Web App,1,[]
2021-05-19 02:50:05,b'RT @1Obefiend: \xe2\x80\x9cKalau betul orang Israel benci serangan Gaza kenapa mereka tak demo bantah?\xe2\x80\x9d\n\nBro kita dekat Malaysia benci pembalakan dan\xe2\x80\xa6',1394847800211513344,uglyluhan,129,Twitter for Android,1,[]
2021-05-19 02:28:50,b'RT @1Obefiend: \xe2\x80\x9cKalau betul orang Israel benci serangan Gaza kenapa mereka tak demo bantah?\xe2\x80\x9d\n\nBro kita dekat Malaysia benci pembalakan dan\xe2\x80\xa6',1394842453807538180,ajhadzmy,129,Twitter for iPhone,1,[]
2021-05-19 02:28:24,b'RT @1Obefiend: \xe2\x80\x9cKalau betul orang Israel benci serangan Gaza kenapa mereka tak demo bantah?\xe2\x80\x9d\n\nBro kita dekat Malaysia benci pembalakan dan\xe2\x80\xa6',1394842342570352647,suzensubadar,129,Twitter for Android,1,[]
2021-05-19 02:24:38,b'RT @1Obefiend: \xe2\x80\x9cKalau betul orang Israel benci serangan Gaza kenapa mereka tak demo bantah?\xe2\x80\x9d\n\nBro kita dekat Malaysia benci pembalakan dan\xe2\x80\xa6',1394841395471343618,PowieSarah,129,Twitter for iPhone,1,[]
2021-05-19 02:23:30,b'RT @1Obefiend: \xe2\x80\x9cKalau betul orang Israel benci serangan Gaza kenapa mereka tak demo bantah?\xe2\x80\x9d\n\nBro kita dekat Malaysia benci pembalakan dan\xe2\x80\xa6',1394841111592542209,0WH0,129,Twitter for Android,1,[]
2021-05-19 02:22:34,b'RT @1Obefiend: \xe2\x80\x9cKalau betul orang Israel benci serangan Gaza kenapa mereka tak demo bantah?\xe2\x80\x9d\n\nBro kita dekat Malaysia benci pembalakan dan\xe2\x80\xa6',1394840876841504770,tunkaipoh,129,Twitter for Android,1,[]
2021-05-19 02:19:03,b'RT @1Obefiend: \xe2\x80\x9cKalau betul orang Israel benci serangan Gaza kenapa mereka tak demo bantah?\xe2\x80\x9d\n\nBro kita dekat Malaysia benci pembalakan dan\xe2\x80\xa6',1394839990455005184,n4vin,129,Twitter for iPhone,1,[]
2021-05-19 02:15:10,b'RT @1Obefiend: \xe2\x80\x9cKalau betul orang Israel benci serangan Gaza kenapa mereka tak demo bantah?\xe2\x80\x9d\n\nBro kita dekat Malaysia benci pembalakan dan\xe2\x80\xa6',1394839012141985794,raiwada_,129,Twitter for Android,1,[]
2021-05-19 02:11:34,b'RT @1Obefiend: \xe2\x80\x9cKalau betul orang Israel benci serangan Gaza kenapa mereka tak demo bantah?\xe2\x80\x9d\n\nBro kita dekat Malaysia benci pembalakan dan\xe2\x80\xa6',1394838106184896512,foxxxyyyyyyy,129,Twitter for iPhone,1,[]
2021-05-19 02:08:33,b'RT @1Obefiend: \xe2\x80\x9cKalau betul orang Israel benci serangan Gaza kenapa mereka tak demo bantah?\xe2\x80\x9d\n\nBro kita dekat Malaysia benci pembalakan dan\xe2\x80\xa6',1394837350262337537,snfrrr,129,Twitter for Android,1,[]
2021-05-19 02:08:07,b'RT @1Obefiend: \xe2\x80\x9cKalau betul orang Israel benci serangan Gaza kenapa mereka tak demo bantah?\xe2\x80\x9d\n\nBro kita dekat Malaysia benci pembalakan dan\xe2\x80\xa6',1394837242015752195,niayons,129,Twitter for Android,1,[]
2021-05-19 02:07:52,b'RT @1Obefiend: \xe2\x80\x9cKalau betul orang Israel benci serangan Gaza kenapa mereka tak demo bantah?\xe2\x80\x9d\n\nBro kita dekat Malaysia benci pembalakan dan\xe2\x80\xa6',1394837177389834246,ajim_gust,129,Twitter for iPhone,1,[]
2021-05-19 02:05:46,b'RT @1Obefiend: \xe2\x80\x9cKalau betul orang Israel benci serangan Gaza kenapa mereka tak demo bantah?\xe2\x80\x9d\n\nBro kita dekat Malaysia benci pembalakan dan\xe2\x80\xa6',1394836646843994112,hanifrodili,129,Twitter for Android,1,[]
2021-05-19 02:05:36,b'RT @1Obefiend: \xe2\x80\x9cKalau betul orang Israel benci serangan Gaza kenapa mereka tak demo bantah?\xe2\x80\x9d\n\nBro kita dekat Malaysia benci pembalakan dan\xe2\x80\xa6',1394836606599647232,ajipkasa,129,Twitter for Android,1,[]
2021-05-19 02:05:03,b'RT @1Obefiend: \xe2\x80\x9cKalau betul orang Israel benci serangan Gaza kenapa mereka tak demo bantah?\xe2\x80\x9d\n\nBro kita dekat Malaysia benci pembalakan dan\xe2\x80\xa6',1394836467554213890,iamainf4uzi,129,Twitter for iPhone,1,[]
2021-05-19 02:04:21,b'RT @1Obefiend: \xe2\x80\x9cKalau betul orang Israel benci serangan Gaza kenapa mereka tak demo bantah?\xe2\x80\x9d\n\nBro kita dekat Malaysia benci pembalakan dan\xe2\x80\xa6',1394836290118455296,benelliavelvet,129,Twitter Web App,1,[]
2021-05-19 02:02:50,b'RT @1Obefiend: \xe2\x80\x9cKalau betul orang Israel benci serangan Gaza kenapa mereka tak demo bantah?\xe2\x80\x9d\n\nBro kita dekat Malaysia benci pembalakan dan\xe2\x80\xa6',1394835911158886404,nizambakeri,129,Twitter for Android,1,[]
2021-05-19 01:55:44,b'RT @1Obefiend: \xe2\x80\x9cKalau betul orang Israel benci serangan Gaza kenapa mereka tak demo bantah?\xe2\x80\x9d\n\nBro kita dekat Malaysia benci pembalakan dan\xe2\x80\xa6',1394834121977831426,jsadiq,129,Twitter for Android,1,[]
2021-05-19 01:45:16,b'RT @1Obefiend: \xe2\x80\x9cKalau betul orang Israel benci serangan Gaza kenapa mereka tak demo bantah?\xe2\x80\x9d\n\nBro kita dekat Malaysia benci pembalakan dan\xe2\x80\xa6',1394831489800445954,HakimiAzmi96,129,Twitter for Android,1,[]
2021-05-19 01:18:17,b'RT @1Obefiend: \xe2\x80\x9cKalau betul orang Israel benci serangan Gaza kenapa mereka tak demo bantah?\xe2\x80\x9d\n\nBro kita dekat Malaysia benci pembalakan dan\xe2\x80\xa6',1394824700287614978,Michellelanious,129,Twitter for Android,1,[]
2021-05-19 00:51:24,b'RT @1Obefiend: \xe2\x80\x9cKalau betul orang Israel benci serangan Gaza kenapa mereka tak demo bantah?\xe2\x80\x9d\n\nBro kita dekat Malaysia benci pembalakan dan\xe2\x80\xa6',1394817933998641152,RaymondRahman,129,Twitter for Android,1,[]
2021-05-19 00:50:27,b'RT @1Obefiend: \xe2\x80\x9cKalau betul orang Israel benci serangan Gaza kenapa mereka tak demo bantah?\xe2\x80\x9d\n\nBro kita dekat Malaysia benci pembalakan dan\xe2\x80\xa6',1394817693027475456,nraimano,129,Twitter for Android,1,[]
2021-05-19 00:48:56,b'RT @1Obefiend: \xe2\x80\x9cKalau betul orang Israel benci serangan Gaza kenapa mereka tak demo bantah?\xe2\x80\x9d\n\nBro kita dekat Malaysia benci pembalakan dan\xe2\x80\xa6',1394817312415305728,rejaie,129,Twitter for iPhone,1,[]
2021-05-19 00:47:20,b'RT @1Obefiend: \xe2\x80\x9cKalau betul orang Israel benci serangan Gaza kenapa mereka tak demo bantah?\xe2\x80\x9d\n\nBro kita dekat Malaysia benci pembalakan dan\xe2\x80\xa6',1394816909518901248,littlelight05_,129,Twitter for Android,1,[]
2021-05-19 00:47:18,b'RT @1Obefiend: \xe2\x80\x9cKalau betul orang Israel benci serangan Gaza kenapa mereka tak demo bantah?\xe2\x80\x9d\n\nBro kita dekat Malaysia benci pembalakan dan\xe2\x80\xa6',1394816901897805825,Wan_Imeranz,129,TweetDeck,1,[]
2021-05-19 00:46:08,b'RT @1Obefiend: \xe2\x80\x9cKalau betul orang Israel benci serangan Gaza kenapa mereka tak demo bantah?\xe2\x80\x9d\n\nBro kita dekat Malaysia benci pembalakan dan\xe2\x80\xa6',1394816609395507201,Iksterror,129,Twitter for Android,1,[]
2021-05-19 00:44:08,b'RT @1Obefiend: \xe2\x80\x9cKalau betul orang Israel benci serangan Gaza kenapa mereka tak demo bantah?\xe2\x80\x9d\n\nBro kita dekat Malaysia benci pembalakan dan\xe2\x80\xa6',1394816102866198528,IamNeyzam_jr,129,Twitter for Android,1,[]
2021-05-19 00:38:29,b'RT @1Obefiend: \xe2\x80\x9cKalau betul orang Israel benci serangan Gaza kenapa mereka tak demo bantah?\xe2\x80\x9d\n\nBro kita dekat Malaysia benci pembalakan dan\xe2\x80\xa6',1394814682947493889,NurNajwanS,129,Twitter for iPhone,1,[]
2021-05-19 00:37:06,b'RT @1Obefiend: \xe2\x80\x9cKalau betul orang Israel benci serangan Gaza kenapa mereka tak demo bantah?\xe2\x80\x9d\n\nBro kita dekat Malaysia benci pembalakan dan\xe2\x80\xa6',1394814336175013890,mehkemari,129,Twitter for iPhone,1,[]
2021-05-19 00:36:36,b'RT @1Obefiend: \xe2\x80\x9cKalau betul orang Israel benci serangan Gaza kenapa mereka tak demo bantah?\xe2\x80\x9d\n\nBro kita dekat Malaysia benci pembalakan dan\xe2\x80\xa6',1394814207602819076,sofiaabdullah__,129,Twitter for iPhone,1,[]
2021-05-19 00:36:09,b'RT @1Obefiend: \xe2\x80\x9cKalau betul orang Israel benci serangan Gaza kenapa mereka tak demo bantah?\xe2\x80\x9d\n\nBro kita dekat Malaysia benci pembalakan dan\xe2\x80\xa6',1394814096239861764,bigcursedboii,129,Twitter for Android,1,[]
2021-05-19 00:34:35,b'RT @1Obefiend: \xe2\x80\x9cKalau betul orang Israel benci serangan Gaza kenapa mereka tak demo bantah?\xe2\x80\x9d\n\nBro kita dekat Malaysia benci pembalakan dan\xe2\x80\xa6',1394813699609661440,farhanadilaa,129,Twitter for iPhone,1,[]
2021-05-19 00:34:28,b'RT @1Obefiend: \xe2\x80\x9cKalau betul orang Israel benci serangan Gaza kenapa mereka tak demo bantah?\xe2\x80\x9d\n\nBro kita dekat Malaysia benci pembalakan dan\xe2\x80\xa6',1394813674242539527,Ismailhdytllh,129,Twitter for Android,1,[]
2021-05-19 00:34:10,b'RT @1Obefiend: \xe2\x80\x9cKalau betul orang Israel benci serangan Gaza kenapa mereka tak demo bantah?\xe2\x80\x9d\n\nBro kita dekat Malaysia benci pembalakan dan\xe2\x80\xa6',1394813597650284546,pisau_tembaga,129,Twitter for Android,1,[]
2021-05-19 00:34:01,b'RT @1Obefiend: \xe2\x80\x9cKalau betul orang Israel benci serangan Gaza kenapa mereka tak demo bantah?\xe2\x80\x9d\n\nBro kita dekat Malaysia benci pembalakan dan\xe2\x80\xa6',1394813560237133827,duchessofgp,129,Twitter for Android,1,[]
2021-05-19 00:33:40,b'RT @1Obefiend: \xe2\x80\x9cKalau betul orang Israel benci serangan Gaza kenapa mereka tak demo bantah?\xe2\x80\x9d\n\nBro kita dekat Malaysia benci pembalakan dan\xe2\x80\xa6',1394813471049490432,darkgureum,129,Twitter for Android,1,[]
2021-05-19 00:32:57,b'RT @1Obefiend: \xe2\x80\x9cKalau betul orang Israel benci serangan Gaza kenapa mereka tak demo bantah?\xe2\x80\x9d\n\nBro kita dekat Malaysia benci pembalakan dan\xe2\x80\xa6',1394813290211991552,anthraxxxx,129,Twitter for Android,1,[]
2021-05-19 00:30:28,b'RT @1Obefiend: \xe2\x80\x9cKalau betul orang Israel benci serangan Gaza kenapa mereka tak demo bantah?\xe2\x80\x9d\n\nBro kita dekat Malaysia benci pembalakan dan\xe2\x80\xa6',1394812663771717632,ihsanmhdilham,129,Twitter for iPhone,1,[]
2021-05-19 00:30:07,b'RT @1Obefiend: \xe2\x80\x9cKalau betul orang Israel benci serangan Gaza kenapa mereka tak demo bantah?\xe2\x80\x9d\n\nBro kita dekat Malaysia benci pembalakan dan\xe2\x80\xa6',1394812577046175745,ArasyAshHaikal,129,Twitter for Android,1,[]
2021-05-19 00:29:13,b'RT @1Obefiend: \xe2\x80\x9cKalau betul orang Israel benci serangan Gaza kenapa mereka tak demo bantah?\xe2\x80\x9d\n\nBro kita dekat Malaysia benci pembalakan dan\xe2\x80\xa6',1394812350629220355,asyrafkamsani,129,Twitter for iPhone,1,[]
2021-05-19 00:28:41,b'RT @1Obefiend: \xe2\x80\x9cKalau betul orang Israel benci serangan Gaza kenapa mereka tak demo bantah?\xe2\x80\x9d\n\nBro kita dekat Malaysia benci pembalakan dan\xe2\x80\xa6',1394812218345238537,asyrafali14,129,Twitter for Android,1,[]
2021-05-19 00:28:13,b'RT @1Obefiend: \xe2\x80\x9cKalau betul orang Israel benci serangan Gaza kenapa mereka tak demo bantah?\xe2\x80\x9d\n\nBro kita dekat Malaysia benci pembalakan dan\xe2\x80\xa6',1394812099231043587,f4mu,129,Fenix 2,1,[]
2021-05-19 00:26:20,b'RT @1Obefiend: \xe2\x80\x9cKalau betul orang Israel benci serangan Gaza kenapa mereka tak demo bantah?\xe2\x80\x9d\n\nBro kita dekat Malaysia benci pembalakan dan\xe2\x80\xa6',1394811625622757382,muhsin_rp,129,Twitter for Android,1,[]
2021-05-19 00:23:09,b'RT @1Obefiend: \xe2\x80\x9cKalau betul orang Israel benci serangan Gaza kenapa mereka tak demo bantah?\xe2\x80\x9d\n\nBro kita dekat Malaysia benci pembalakan dan\xe2\x80\xa6',1394810823910952964,theclockwork23,129,Twitter for iPhone,1,[]
2021-05-19 00:21:13,b'RT @1Obefiend: \xe2\x80\x9cKalau betul orang Israel benci serangan Gaza kenapa mereka tak demo bantah?\xe2\x80\x9d\n\nBro kita dekat Malaysia benci pembalakan dan\xe2\x80\xa6',1394810336482533376,pppaly,129,Twitter for Android,1,[]
2021-05-19 00:21:05,b'RT @1Obefiend: \xe2\x80\x9cKalau betul orang Israel benci serangan Gaza kenapa mereka tak demo bantah?\xe2\x80\x9d\n\nBro kita dekat Malaysia benci pembalakan dan\xe2\x80\xa6',1394810302932287488,jatropos,129,Twitter Web App,1,[]
2021-05-19 00:14:42,b'RT @1Obefiend: \xe2\x80\x9cKalau betul orang Israel benci serangan Gaza kenapa mereka tak demo bantah?\xe2\x80\x9d\n\nBro kita dekat Malaysia benci pembalakan dan\xe2\x80\xa6',1394808696388022273,Boeing747S8,129,Twitter for Android,1,[]
2021-05-19 00:14:02,b'RT @1Obefiend: \xe2\x80\x9cKalau betul orang Israel benci serangan Gaza kenapa mereka tak demo bantah?\xe2\x80\x9d\n\nBro kita dekat Malaysia benci pembalakan dan\xe2\x80\xa6',1394808528242495488,Sssarahtahir,129,Twitter for Android,1,[]
2021-05-19 00:12:06,b'RT @1Obefiend: \xe2\x80\x9cKalau betul orang Israel benci serangan Gaza kenapa mereka tak demo bantah?\xe2\x80\x9d\n\nBro kita dekat Malaysia benci pembalakan dan\xe2\x80\xa6',1394808041694892032,Sashimee2,129,Twitter for Android,1,[]
2021-05-19 00:11:30,b'RT @1Obefiend: \xe2\x80\x9cKalau betul orang Israel benci serangan Gaza kenapa mereka tak demo bantah?\xe2\x80\x9d\n\nBro kita dekat Malaysia benci pembalakan dan\xe2\x80\xa6',1394807892134424576,HibiscusVanilla,129,Twitter for Android,1,[]
2021-05-19 00:08:15,b'RT @1Obefiend: \xe2\x80\x9cKalau betul orang Israel benci serangan Gaza kenapa mereka tak demo bantah?\xe2\x80\x9d\n\nBro kita dekat Malaysia benci pembalakan dan\xe2\x80\xa6',1394807073909612545,adibah_kasim,129,Twitter for Android,1,[]
2021-05-19 00:07:33,b'RT @1Obefiend: \xe2\x80\x9cKalau betul orang Israel benci serangan Gaza kenapa mereka tak demo bantah?\xe2\x80\x9d\n\nBro kita dekat Malaysia benci pembalakan dan\xe2\x80\xa6',1394806898784755712,fariiiznajwan,129,Twitter for Android,1,[]
2021-05-19 00:07:14,b'RT @1Obefiend: \xe2\x80\x9cKalau betul orang Israel benci serangan Gaza kenapa mereka tak demo bantah?\xe2\x80\x9d\n\nBro kita dekat Malaysia benci pembalakan dan\xe2\x80\xa6',1394806818665222145,tmakalpha,129,Twitter Web App,1,[]
2021-05-19 00:05:10,b'RT @1Obefiend: \xe2\x80\x9cKalau betul orang Israel benci serangan Gaza kenapa mereka tak demo bantah?\xe2\x80\x9d\n\nBro kita dekat Malaysia benci pembalakan dan\xe2\x80\xa6',1394806297082556418,adam_is_malik,129,Twitter for iPhone,1,[]
2021-05-19 00:05:08,b'RT @1Obefiend: \xe2\x80\x9cKalau betul orang Israel benci serangan Gaza kenapa mereka tak demo bantah?\xe2\x80\x9d\n\nBro kita dekat Malaysia benci pembalakan dan\xe2\x80\xa6',1394806291407667201,alip_val,129,Twitter for iPhone,1,[]
2021-05-19 00:03:43,b'\xe2\x80\x9cKalau betul orang Israel benci serangan Gaza kenapa mereka tak demo bantah?\xe2\x80\x9d\n\nBro kita dekat Malaysia benci pembal\xe2\x80\xa6 https://t.co/NhHscIHAof',1394805933352439810,1Obefiend,129,Twitter for iPhone,0,[]
2021-05-18 16:54:20,b'RT @daniellsinaga: Pembalakan hutan memang harus segera dihentikan.\nSeorang Pendeta Pimpin Warga Hentikan Truk PT TPL di Toba https://t.co/\xe2\x80\xa6',1394697874001207298,silverbangun,1,Twitter for Android,1,[]
2021-05-18 16:11:49,b'Pembalakan hutan memang harus segera dihentikan.\nSeorang Pendeta Pimpin Warga Hentikan Truk PT TPL di Toba\xe2\x80\xa6 https://t.co/u3vx5XIo6L',1394687175648632834,daniellsinaga,1,Twitter Web App,0,[]
2021-05-18 10:44:56,b'RT @AnasFaizal2: @chuckysemiwaras Aku tetap salahkan kelantan. Haiwan yang cari penempatan baru di negeri orang hasil pembalakan kerajaan n\xe2\x80\xa6',1394604913246629888,chuckysemiwaras,1,Twitter for iPhone,1,[]
2021-05-18 10:43:03,b'@chuckysemiwaras Aku tetap salahkan kelantan. Haiwan yang cari penempatan baru di negeri orang hasil pembalakan ker\xe2\x80\xa6 https://t.co/prXesAhRhg',1394604439059632134,AnasFaizal2,1,Twitter for Android,0,[]
2021-05-17 05:29:06,"b'RT @tweetofaria: @hmmaja12 @txtdrpemerintah Kurang tepat mas/mba, bencana yang sifatnya takdir itu yang di luar kemampuan manusia, kaya gem\xe2\x80\xa6'",1394163044238839812,Kanayalintang6,1,Twitter for Android,1,[]
2021-05-16 09:26:03,b'Pembalakan hutan yang masif berujung bencana',1393860284129824769,zumri_arza,0,Twitter for Android,0,[]
2021-05-16 09:13:19,"b'RT @xxxibdxuser: @nishiisme @amyzulhel X leh , tu kena sambung generasi pembalakan hutan simpan untuk 20 tahun akan datang , tu hutan bapak\xe2\x80\xa6'",1393857081464131584,WhyAsriy,16,Twitter for Android,1,[]
2021-05-16 08:40:40,"b'RT @xxxibdxuser: @nishiisme @amyzulhel X leh , tu kena sambung generasi pembalakan hutan simpan untuk 20 tahun akan datang , tu hutan bapak\xe2\x80\xa6'",1393848863673360387,perempuannugget,16,Twitter for Android,1,[]
2021-05-16 06:22:48,"b'RT @ApehSkywalker: @Zaid_Zhofri @yours_heidi @zariimari Memang tak solution bang, tp kita ada langkah utk climate resilience. Mmg Kita tak\xe2\x80\xa6'",1393814171620319232,baabaaer,10,Twitter Web App,1,[]
2021-05-16 05:24:54,"b'RT @ApehSkywalker: @Zaid_Zhofri @yours_heidi @zariimari Memang tak solution bang, tp kita ada langkah utk climate resilience. Mmg Kita tak\xe2\x80\xa6'",1393799597504425990,EHNathasia,10,Twitter for iPhone,1,[]
2021-05-16 05:21:14,"b'RT @ApehSkywalker: @Zaid_Zhofri @yours_heidi @zariimari Memang tak solution bang, tp kita ada langkah utk climate resilience. Mmg Kita tak\xe2\x80\xa6'",1393798674342244352,amirulhaziqqq,10,Twitter for Android,1,[]
2021-05-16 05:05:56,"b'RT @ApehSkywalker: @Zaid_Zhofri @yours_heidi @zariimari Memang tak solution bang, tp kita ada langkah utk climate resilience. Mmg Kita tak\xe2\x80\xa6'",1393794824340328448,A4asherin,10,Twitter for Android,1,[]
2021-05-16 04:46:09,"b'@Zaid_Zhofri @yours_heidi @zariimari Memang tak solution bang, tp kita ada langkah utk climate resilience. Mmg Kita\xe2\x80\xa6 https://t.co/FRatdWbAGk'",1393789847689592832,ApehSkywalker,10,Twitter for iPhone,0,[]
2021-05-15 15:21:20,b'@ranggazainalm Pembalakan hutan Teyvat demi teko tersayang',1393587306385137666,itsdioandn,0,Twitter for Android,0,[]
2021-05-15 14:41:58,"b'RT @xxxibdxuser: @nishiisme @amyzulhel X leh , tu kena sambung generasi pembalakan hutan simpan untuk 20 tahun akan datang , tu hutan bapak\xe2\x80\xa6'",1393577402693931010,nis_sakura,16,Twitter for Android,1,[]
2021-05-15 14:22:05,"b'RT @xxxibdxuser: @nishiisme @amyzulhel X leh , tu kena sambung generasi pembalakan hutan simpan untuk 20 tahun akan datang , tu hutan bapak\xe2\x80\xa6'",1393572398675283968,Ohsaissy,16,Twitter for Android,1,[]
2021-05-15 13:49:38,"b'RT @xxxibdxuser: @nishiisme @amyzulhel X leh , tu kena sambung generasi pembalakan hutan simpan untuk 20 tahun akan datang , tu hutan bapak\xe2\x80\xa6'",1393564229966258176,NazrinTJFC,16,Twitter for Android,1,[]
2021-05-15 10:58:00,"b'RT @xxxibdxuser: @nishiisme @amyzulhel X leh , tu kena sambung generasi pembalakan hutan simpan untuk 20 tahun akan datang , tu hutan bapak\xe2\x80\xa6'",1393521036339998722,evaloev,16,Twitter for iPhone,1,[]
2021-05-15 10:10:34,b'Patroli Sinergi TNI Polri di Kecamatan Bulu Antisipasi Illegal Logging (Pembalakan Liar Pohon) diwilayah hutan lind\xe2\x80\xa6 https://t.co/ibiSDnYS6z',1393509099824816134,PolisiSukoharjo,0,Twitter for Android,0,[]
2021-05-15 08:52:54,"b'RT @xxxibdxuser: @nishiisme @amyzulhel X leh , tu kena sambung generasi pembalakan hutan simpan untuk 20 tahun akan datang , tu hutan bapak\xe2\x80\xa6'",1393489553684537350,maisarafiya,16,Twitter for Android,1,[]
2021-05-15 08:23:02,"b'RT @xxxibdxuser: @nishiisme @amyzulhel X leh , tu kena sambung generasi pembalakan hutan simpan untuk 20 tahun akan datang , tu hutan bapak\xe2\x80\xa6'",1393482038078894081,md_denne,16,Twitter for iPhone,1,[]
2021-05-15 07:48:42,"b'RT @xxxibdxuser: @nishiisme @amyzulhel X leh , tu kena sambung generasi pembalakan hutan simpan untuk 20 tahun akan datang , tu hutan bapak\xe2\x80\xa6'",1393473399779827716,aylseyo,16,Twitter for iPhone,1,[]
2021-05-15 07:43:05,"b'RT @xxxibdxuser: @nishiisme @amyzulhel X leh , tu kena sambung generasi pembalakan hutan simpan untuk 20 tahun akan datang , tu hutan bapak\xe2\x80\xa6'",1393471983912775684,SyaafiqHilmi,16,Twitter for iPhone,1,[]
2021-05-15 07:18:04,"b'RT @xxxibdxuser: @nishiisme @amyzulhel X leh , tu kena sambung generasi pembalakan hutan simpan untuk 20 tahun akan datang , tu hutan bapak\xe2\x80\xa6'",1393465690338643970,atikahali_,16,Twitter for iPhone,1,[]
2021-05-15 06:43:35,"b'Tomcat (Rove Beetles, Aleochara bilineata), adalah spesies alami hutan bakau, yang sedang jadi kambinghitam pembala\xe2\x80\xa6 https://t.co/GLaJw9FjjR'",1393457013896540163,BeKa55181234,0,Twitter Web App,0,[]
2021-05-15 05:20:52,"b'RT @xxxibdxuser: @nishiisme @amyzulhel X leh , tu kena sambung generasi pembalakan hutan simpan untuk 20 tahun akan datang , tu hutan bapak\xe2\x80\xa6'",1393436197028962305,sinaesor,16,Twitter for iPhone,1,[]
2021-05-15 04:47:51,"b'RT @xxxibdxuser: @nishiisme @amyzulhel X leh , tu kena sambung generasi pembalakan hutan simpan untuk 20 tahun akan datang , tu hutan bapak\xe2\x80\xa6'",1393427885466165254,wansyakir59,16,Twitter for iPhone,1,[]
2021-05-15 04:44:48,"b'RT @xxxibdxuser: @nishiisme @amyzulhel X leh , tu kena sambung generasi pembalakan hutan simpan untuk 20 tahun akan datang , tu hutan bapak\xe2\x80\xa6'",1393427117593874434,nasibujangz,16,Twitter for Android,1,[]
2021-05-15 03:21:47,"b'@nishiisme @amyzulhel X leh , tu kena sambung generasi pembalakan hutan simpan untuk 20 tahun akan datang , tu hutan bapak dia'",1393406228705857536,xxxibdxuser,16,Twitter for Android,0,[]
2021-05-15 02:30:00,b'RT @ibjela: Antara benda yg kelakar pasal orang yg criticize aktiviti pembalakan adalah kondo mereka duduk pun dulu hutan.\n\nLaptop/handphon\xe2\x80\xa6',1393393197053747203,irulree,32,Twitter for Android,1,[]
2021-05-14 21:08:15,b'RT @ibjela: Antara benda yg kelakar pasal orang yg criticize aktiviti pembalakan adalah kondo mereka duduk pun dulu hutan.\n\nLaptop/handphon\xe2\x80\xa6',1393312225142591490,AimanHaziq_01,32,Twitter for iPhone,1,[]
2021-05-14 18:40:34,b'RT @ibjela: Antara benda yg kelakar pasal orang yg criticize aktiviti pembalakan adalah kondo mereka duduk pun dulu hutan.\n\nLaptop/handphon\xe2\x80\xa6',1393275059590942726,fahmi_abicik,32,Twitter for Android,1,[]
2021-05-14 18:13:38,b'RT @ibjela: Antara benda yg kelakar pasal orang yg criticize aktiviti pembalakan adalah kondo mereka duduk pun dulu hutan.\n\nLaptop/handphon\xe2\x80\xa6',1393268278944931841,taufeeq__,32,Twitter for iPhone,1,[]
2021-05-14 17:12:56,b'RT @ibjela: Antara benda yg kelakar pasal orang yg criticize aktiviti pembalakan adalah kondo mereka duduk pun dulu hutan.\n\nLaptop/handphon\xe2\x80\xa6',1393253003910541312,ikmmal_,32,Twitter for Android,1,[]
2021-05-14 17:12:04,b'RT @ibjela: Antara benda yg kelakar pasal orang yg criticize aktiviti pembalakan adalah kondo mereka duduk pun dulu hutan.\n\nLaptop/handphon\xe2\x80\xa6',1393252787031404546,JazlieDawani,32,Twitter for iPhone,1,[]
2021-05-14 16:45:28,b'RT @ibjela: Antara benda yg kelakar pasal orang yg criticize aktiviti pembalakan adalah kondo mereka duduk pun dulu hutan.\n\nLaptop/handphon\xe2\x80\xa6',1393246091949207557,fahimazzam,32,Twitter for Android,1,[]
2021-05-14 16:00:16,b'RT @ibjela: Antara benda yg kelakar pasal orang yg criticize aktiviti pembalakan adalah kondo mereka duduk pun dulu hutan.\n\nLaptop/handphon\xe2\x80\xa6',1393234720092082177,wjzlina,32,Twitter for Android,1,[]
2021-05-14 15:22:38,b'RT @ibjela: Antara benda yg kelakar pasal orang yg criticize aktiviti pembalakan adalah kondo mereka duduk pun dulu hutan.\n\nLaptop/handphon\xe2\x80\xa6',1393225245314539522,AINULsyafiq11,32,Twitter for Android,1,[]
2021-05-14 14:44:03,b'RT @ibjela: Antara benda yg kelakar pasal orang yg criticize aktiviti pembalakan adalah kondo mereka duduk pun dulu hutan.\n\nLaptop/handphon\xe2\x80\xa6',1393215539049156611,MukaKelat,32,Twitter for Android,1,[]
2021-05-14 13:18:20,b'RT @ibjela: Antara benda yg kelakar pasal orang yg criticize aktiviti pembalakan adalah kondo mereka duduk pun dulu hutan.\n\nLaptop/handphon\xe2\x80\xa6',1393193967030730757,kucaisenpai,32,Twitter for iPhone,1,[]
2021-05-14 13:11:21,b'RT @ibjela: Antara benda yg kelakar pasal orang yg criticize aktiviti pembalakan adalah kondo mereka duduk pun dulu hutan.\n\nLaptop/handphon\xe2\x80\xa6',1393192207755091969,adib_zzz,32,Twitter for Android,1,[]
2021-05-14 12:24:38,b'RT @ibjela: Antara benda yg kelakar pasal orang yg criticize aktiviti pembalakan adalah kondo mereka duduk pun dulu hutan.\n\nLaptop/handphon\xe2\x80\xa6',1393180450282041347,mirolaiman,32,Twitter for Android,1,[]
2021-05-14 12:20:18,b'RT @ibjela: Antara benda yg kelakar pasal orang yg criticize aktiviti pembalakan adalah kondo mereka duduk pun dulu hutan.\n\nLaptop/handphon\xe2\x80\xa6',1393179362413797392,zainulhazziq,32,Twitter for Android,1,[]
2021-05-14 12:18:32,b'RT @ibjela: Antara benda yg kelakar pasal orang yg criticize aktiviti pembalakan adalah kondo mereka duduk pun dulu hutan.\n\nLaptop/handphon\xe2\x80\xa6',1393178917356261383,sfwnnn_,32,Twitter for Android,1,[]
2021-05-14 12:17:48,b'RT @ibjela: Antara benda yg kelakar pasal orang yg criticize aktiviti pembalakan adalah kondo mereka duduk pun dulu hutan.\n\nLaptop/handphon\xe2\x80\xa6',1393178731032707076,nightskymir,32,Twitter Web App,1,[]
2021-05-14 12:08:07,b'@mazzini_gsp @voidotid Daerah Sibaganding memang langganan banjir dan erosi Bang..bahkan Jalan Lintas Sumatera via\xe2\x80\xa6 https://t.co/bVolJAbVoD',1393176296402743296,JosuaNapitupul6,0,Twitter for iPhone,0,[]
2021-05-14 12:03:25,b'RT @ibjela: Antara benda yg kelakar pasal orang yg criticize aktiviti pembalakan adalah kondo mereka duduk pun dulu hutan.\n\nLaptop/handphon\xe2\x80\xa6',1393175111268671490,hzzim,32,Twitter for Android,1,[]
2021-05-14 12:03:20,b'RT @ibjela: Antara benda yg kelakar pasal orang yg criticize aktiviti pembalakan adalah kondo mereka duduk pun dulu hutan.\n\nLaptop/handphon\xe2\x80\xa6',1393175093199589379,mueezzainal,32,Twitter for iPhone,1,[]
2021-05-14 11:52:19,b'RT @ibjela: Antara benda yg kelakar pasal orang yg criticize aktiviti pembalakan adalah kondo mereka duduk pun dulu hutan.\n\nLaptop/handphon\xe2\x80\xa6',1393172319678341124,ZhafGunners,32,Twitter for Android,1,[]
2021-05-14 11:51:18,b'RT @ibjela: Antara benda yg kelakar pasal orang yg criticize aktiviti pembalakan adalah kondo mereka duduk pun dulu hutan.\n\nLaptop/handphon\xe2\x80\xa6',1393172062156431360,faezmir,32,Twitter for Android,1,[]
2021-05-14 11:50:55,b'RT @ibjela: Antara benda yg kelakar pasal orang yg criticize aktiviti pembalakan adalah kondo mereka duduk pun dulu hutan.\n\nLaptop/handphon\xe2\x80\xa6',1393171966278832128,NaqeebHA,32,Twitter for Android,1,[]
2021-05-14 11:47:15,b'RT @ibjela: Antara benda yg kelakar pasal orang yg criticize aktiviti pembalakan adalah kondo mereka duduk pun dulu hutan.\n\nLaptop/handphon\xe2\x80\xa6',1393171045062828033,ia_atfh,32,Twitter for Android,1,[]
2021-05-14 11:46:13,b'Antara benda yg kelakar pasal orang yg criticize aktiviti pembalakan adalah kondo mereka duduk pun dulu hutan.\n\nLap\xe2\x80\xa6 https://t.co/9Dd5Pja32M',1393170785364189185,ibjela,32,Twitter for Android,0,[]
2021-05-14 07:22:30,"b'inilah dia bila malas nak pakai otak cari cara untuk menjana ekonomi. nak senang, taknak fikir consequences. Habis\xe2\x80\xa6 https://t.co/M5Q7WnEvbE'",1393104417763647489,graphickitty,0,Twitter for iPhone,0,[]
2021-05-14 05:36:55,b'2 zon di Pahang orang asli diberi tanah sangat luas. Segala aktiviti pembalakan hutan orang takkan bising kalau ora\xe2\x80\xa6 https://t.co/afmi3dCHah',1393077846235508736,kmrzdnny,0,Twitter for Android,0,[]
2021-05-14 03:50:30,b'@Michellelanious @Boeing747S8 They hv been doing this to Orang Asal community for too long alr. Belum cerita lagi i\xe2\x80\xa6 https://t.co/hBGkSjPipH',1393051064241295366,elliexa79,1,Twitter for iPhone,0,[]
